model,vectorization,cleaning,C,n_features,val_accuracy,pos_precision,neg_precision,pos_recall,neg_recall,accuracy,f1,train_seconds
Random Forest,binary,paper,,210685,,0.8599984072628812,0.8632966326448606,0.86392,0.85936,0.86164,0.861954743185537,20.0
Random Forest,count,paper,,210685,,0.8571428571428571,0.8624969775126945,0.86352,0.85608,0.8598,0.8603196110469055,20.3
Random Forest,tfidf,paper,,210685,,0.8653323449468743,0.8449335096041682,0.84048,0.8692,0.85484,0.852725132908567,18.9
DNN,binary,paper,0.0001,17671,,0.8969639015060961,0.9000883463175648,0.90048,0.89656,0.89852,0.8987185117170347,64.6
Boosting,binary,paper,,17671,,0.7877127620717365,0.8482008664132261,0.86264,0.76752,0.81508,0.8234755049830081,43.5
DNN,count,paper,0.0001,17671,,0.8987249838605552,0.891894035532995,0.89096,0.8996,0.89528,0.8948256467941508,59.0
DNN,tfidf,paper,0.0001,17671,,0.8872922168712133,0.9111825828797624,0.91384,0.88392,0.89888,0.9003704579490818,66.8
Boosting,count,paper,,17671,,0.7896045032531618,0.849924918293437,0.86408,0.76976,0.81692,0.825165208755109,39.8
Boosting,tfidf,paper,,17671,,0.7898322467218519,0.8486210238787558,0.86256,0.77048,0.81652,0.8245956177584031,127.9
